image,mask,class,class_nr
image_126.jpg,mask_116.jpg,malignant,1
image_72.jpg,mask_142.jpg,malignant,1
image_117.jpg,mask_49.jpg,benign,0
image_152.jpg,mask_105.jpg,benign,0
image_122.jpg,mask_70.jpg,benign,0
image_52.jpg,mask_145.jpg,malignant,1
image_163.jpg,mask_117.jpg,benign,0
image_49.jpg,mask_138.jpg,malignant,1
image_111.jpg,mask_132.jpg,malignant,1
image_92.jpg,mask_22.jpg,malignant,1
image_35.jpg,mask_64.jpg,malignant,1
image_75.jpg,mask_81.jpg,benign,0
image_133.jpg,mask_30.jpg,benign,0
image_89.jpg,mask_5.jpg,malignant,1
image_128.jpg,mask_120.jpg,benign,0
image_27.jpg,mask_157.jpg,malignant,1
image_110.jpg,mask_54.jpg,malignant,1
image_150.jpg,mask_36.jpg,benign,0
image_136.jpg,mask_129.jpg,benign,0
image_103.jpg,mask_115.jpg,benign,0
image_24.jpg,mask_136.jpg,malignant,1
image_38.jpg,mask_102.jpg,malignant,1
image_70.jpg,mask_160.jpg,benign,0
image_83.jpg,mask_25.jpg,malignant,1
image_43.jpg,mask_154.jpg,malignant,1
image_17.jpg,mask_148.jpg,malignant,1
image_119.jpg,mask_93.jpg,malignant,1
image_98.jpg,mask_56.jpg,malignant,1
image_147.jpg,mask_95.jpg,malignant,1
image_138.jpg,mask_82.jpg,malignant,1
image_142.jpg,mask_19.jpg,benign,0
image_80.jpg,mask_97.jpg,benign,0
image_55.jpg,mask_75.jpg,benign,0
image_156.jpg,mask_47.jpg,malignant,1
image_129.jpg,mask_58.jpg,benign,0
image_21.jpg,mask_4.jpg,malignant,1
image_140.jpg,mask_135.jpg,malignant,1
image_145.jpg,mask_123.jpg,malignant,1
image_20.jpg,mask_83.jpg,malignant,1
image_77.jpg,mask_63.jpg,malignant,1
image_57.jpg,mask_17.jpg,malignant,1
image_69.jpg,mask_34.jpg,malignant,1
image_58.jpg,mask_67.jpg,malignant,1
image_104.jpg,mask_111.jpg,malignant,1
image_132.jpg,mask_87.jpg,benign,0
image_76.jpg,mask_107.jpg,malignant,1
image_144.jpg,mask_72.jpg,malignant,1
image_34.jpg,mask_103.jpg,malignant,1
image_54.jpg,mask_109.jpg,malignant,1
image_123.jpg,mask_133.jpg,benign,0
image_29.jpg,mask_57.jpg,benign,0
image_2.jpg,mask_90.jpg,benign,0
image_47.jpg,mask_99.jpg,malignant,1
image_4.jpg,mask_163.jpg,malignant,1
image_97.jpg,mask_152.jpg,malignant,1
image_155.jpg,mask_59.jpg,malignant,1
image_9.jpg,mask_68.jpg,malignant,1
image_39.jpg,mask_21.jpg,malignant,1
image_107.jpg,mask_159.jpg,malignant,1
image_19.jpg,mask_48.jpg,malignant,1
image_25.jpg,mask_13.jpg,malignant,1
image_53.jpg,mask_31.jpg,malignant,1
image_40.jpg,mask_139.jpg,benign,0
image_87.jpg,mask_162.jpg,benign,0
image_68.jpg,mask_43.jpg,malignant,1
image_63.jpg,mask_108.jpg,malignant,1
image_81.jpg,mask_86.jpg,benign,0
image_85.jpg,mask_32.jpg,benign,0
image_143.jpg,mask_113.jpg,malignant,1
image_48.jpg,mask_3.jpg,malignant,1
image_95.jpg,mask_98.jpg,benign,0
image_158.jpg,mask_143.jpg,benign,0
image_151.jpg,mask_112.jpg,malignant,1
image_14.jpg,mask_55.jpg,malignant,1
image_106.jpg,mask_131.jpg,malignant,1
image_59.jpg,mask_161.jpg,benign,0
image_10.jpg,mask_12.jpg,benign,0
image_66.jpg,mask_104.jpg,malignant,1
image_30.jpg,mask_100.jpg,benign,0
image_91.jpg,mask_39.jpg,benign,0
image_82.jpg,mask_52.jpg,benign,0
image_42.jpg,mask_96.jpg,malignant,1
image_37.jpg,mask_53.jpg,benign,0
image_148.jpg,mask_23.jpg,malignant,1
image_62.jpg,mask_130.jpg,malignant,1
image_105.jpg,mask_164.jpg,benign,0
image_102.jpg,mask_137.jpg,malignant,1
image_5.jpg,mask_91.jpg,benign,0
image_13.jpg,mask_26.jpg,benign,0
image_112.jpg,mask_141.jpg,malignant,1
image_15.jpg,mask_119.jpg,benign,0
image_73.jpg,mask_74.jpg,malignant,1
image_94.jpg,mask_71.jpg,malignant,1
image_160.jpg,mask_73.jpg,benign,0
image_8.jpg,mask_37.jpg,malignant,1
image_149.jpg,mask_14.jpg,malignant,1
image_67.jpg,mask_118.jpg,malignant,1
image_131.jpg,mask_44.jpg,benign,0
image_1.jpg,mask_28.jpg,malignant,1
image_157.jpg,mask_165.jpg,benign,0
image_44.jpg,mask_66.jpg,benign,0
image_127.jpg,mask_10.jpg,malignant,1
image_64.jpg,mask_79.jpg,benign,0
image_26.jpg,mask_27.jpg,malignant,1
image_46.jpg,mask_88.jpg,malignant,1
image_28.jpg,mask_153.jpg,malignant,1
image_146.jpg,mask_126.jpg,benign,0
image_154.jpg,mask_155.jpg,benign,0
image_11.jpg,mask_92.jpg,benign,0
image_115.jpg,mask_33.jpg,malignant,1
image_99.jpg,mask_77.jpg,malignant,1
image_120.jpg,mask_16.jpg,benign,0
image_51.jpg,mask_50.jpg,malignant,1
image_121.jpg,mask_128.jpg,benign,0
image_159.jpg,mask_76.jpg,benign,0
image_23.jpg,mask_78.jpg,benign,0
image_61.jpg,mask_140.jpg,benign,0
image_164.jpg,mask_8.jpg,benign,0
image_141.jpg,mask_7.jpg,benign,0
image_124.jpg,mask_69.jpg,benign,0
image_60.jpg,mask_151.jpg,malignant,1
image_16.jpg,mask_114.jpg,malignant,1
image_41.jpg,mask_124.jpg,malignant,1
image_50.jpg,mask_125.jpg,malignant,1
image_130.jpg,mask_20.jpg,malignant,1
image_84.jpg,mask_149.jpg,malignant,1
image_108.jpg,mask_65.jpg,benign,0
image_165.jpg,mask_110.jpg,malignant,1
image_134.jpg,mask_40.jpg,malignant,1
image_22.jpg,mask_80.jpg,malignant,1
image_162.jpg,mask_94.jpg,benign,0
image_113.jpg,mask_41.jpg,malignant,1
image_118.jpg,mask_1.jpg,malignant,1
image_96.jpg,mask_106.jpg,benign,0
image_137.jpg,mask_144.jpg,benign,0
image_36.jpg,mask_122.jpg,benign,0
image_18.jpg,mask_6.jpg,malignant,1
image_79.jpg,mask_62.jpg,malignant,1
image_31.jpg,mask_46.jpg,benign,0
image_93.jpg,mask_156.jpg,benign,0
image_161.jpg,mask_51.jpg,benign,0
image_6.jpg,mask_18.jpg,benign,0
image_7.jpg,mask_42.jpg,benign,0
image_135.jpg,mask_61.jpg,benign,0
image_88.jpg,mask_45.jpg,benign,0
image_74.jpg,mask_146.jpg,malignant,1
image_116.jpg,mask_150.jpg,malignant,1
image_56.jpg,mask_24.jpg,benign,0
image_71.jpg,mask_85.jpg,malignant,1
image_3.jpg,mask_60.jpg,benign,0
image_100.jpg,mask_127.jpg,benign,0
image_139.jpg,mask_134.jpg,malignant,1
image_65.jpg,mask_35.jpg,benign,0
image_33.jpg,mask_89.jpg,benign,0
image_32.jpg,mask_147.jpg,malignant,1
image_86.jpg,mask_15.jpg,benign,0
image_153.jpg,mask_84.jpg,benign,0
image_109.jpg,mask_38.jpg,benign,0
image_45.jpg,mask_121.jpg,malignant,1
image_90.jpg,mask_158.jpg,benign,0
image_12.jpg,mask_2.jpg,benign,0
image_114.jpg,mask_29.jpg,malignant,1
image_125.jpg,mask_11.jpg,malignant,1
image_78.jpg,mask_101.jpg,malignant,1
image_101.jpg,mask_9.jpg,benign,0
